currency_from,currency_to,rate,key,simulated_rates,new_rate
EUR,INR,82.32807398,EUR_INR,-0.0018510136000295411,82.17582454675495
EUR,INR,85.45158238,EUR_INR,0.06327854970757163,87.70603549922396
EUR,INR,83.77410199,EUR_INR,0.032109744860466576,85.01450695567247
EUR,INR,80.78279977,EUR_INR,-0.062148776649293344,77.36723654177028
EUR,INR,83.66075625,EUR_INR,0.020149762198965453,84.0037910466849
EUR,INR,84.81637013,EUR_INR,-0.007564211690562639,81.70767636789425
EUR,INR,80.47846919,EUR_INR,-0.017394789484862325,80.9083779187844
EUR,INR,85.61436811,EUR_INR,0.03611622276777964,85.35579893244298
EUR,INR,80.31366924,EUR_INR,-0.022322756352365077,80.51064492551082
EUR,INR,85.47373882,EUR_INR,0.029138055739413284,84.76224527750513
EUR,INR,82.48060549,EUR_INR,-0.013687960505107278,81.20884799029032
EUR,INR,80.21185949,EUR_INR,-0.013586083262748997,81.21712174522517
EUR,INR,81.12686544,EUR_INR,-0.020833396621906062,80.6306435763336
EUR,INR,85.96264534,EUR_INR,0.04383031456997933,86.01678758704274
EUR,INR,81.99188208,EUR_INR,0.006859551616434151,82.89474899922006
EUR,INR,85.46037172,EUR_INR,0.018201413070442908,83.84028167200468
EUR,INR,81.89062166,EUR_INR,-0.030464641051851253,79.85779784671467
EUR,INR,82.57747124,EUR_INR,0.02509442065210749,84.42018972841088
EUR,INR,82.12665181,EUR_INR,-0.04340898578429619,78.83075253668613
EUR,INR,83.01913511,EUR_INR,-0.024644122943160745,80.32396696200114
EUR,INR,83.61735893,EUR_INR,0.0212625247993327,84.09731935139962
EUR,INR,81.30906095,EUR_INR,0.005720743395661877,82.80040150964574
EUR,INR,82.83474227,EUR_INR,-0.020843460846612268,80.62983209550191
EUR,INR,82.27625355,EUR_INR,-0.02773622049991469,80.07598101596224
EUR,INR,81.43137913,EUR_INR,0.017427393075023636,83.77541272573832
EUR,INR,83.91894284,EUR_INR,0.011005243570158663,83.23911842471419
EUR,INR,84.42378002,EUR_INR,0.05140833143989333,86.67110031970722
EUR,INR,80.53102206,EUR_INR,-0.058467094843754036,77.65260308094857
EUR,INR,85.77019562,EUR_INR,0.0072851428440733074,82.9300357855522
EUR,INR,85.09048738,EUR_INR,-0.010604368672871673,81.45964941654364
EUR,INR,81.858211,EUR_INR,-0.044528658202624354,78.7425373126474
EUR,INR,80.84524064,EUR_INR,-0.009443180670507367,81.55429432375371
EUR,INR,84.57942442,EUR_INR,0.0003854371444576667,82.35981239393244
EUR,INR,84.59022797,EUR_INR,0.012533808940153988,83.36645215273764
EUR,INR,80.02453688,EUR_INR,-0.020442785532969045,80.6621449518154
EUR,INR,83.00045778,EUR_INR,-0.029157374573448375,79.96226153494078
EUR,INR,80.19336528,EUR_INR,-0.04542803836366446,78.67174967402894
EUR,INR,85.37980285,EUR_INR,0.00544940165265663,82.77793735224822
EUR,INR,85.14761803,EUR_INR,0.008888749019173164,83.06312958954067
EUR,INR,85.99761956,EUR_INR,0.03938158441461987,85.63497203712791
EUR,INR,85.58561968,EUR_INR,0.038598281717599,85.56792019694393
EUR,INR,81.61229286,EUR_INR,-0.014259579129657234,81.16244076518154
EUR,INR,84.54683065,EUR_INR,0.01661242379049255,83.70716615077642
EUR,INR,83.53660695,EUR_INR,-0.028148510407666038,80.04297330197731
EUR,INR,81.67729728,EUR_INR,-0.030127600244254628,79.88471771968686
EUR,INR,85.45616016,EUR_INR,0.014930150545141836,83.56646620577564
EUR,INR,83.92040773,EUR_INR,0.0052877553756712275,82.76455768827427
EUR,INR,84.91579943,EUR_INR,-0.008464539597909848,81.63414577240626
EUR,INR,84.39411603,EUR_INR,0.028332668065813575,84.69400629307904
EUR,INR,82.67671743,EUR_INR,-0.020088713244581027,80.69071023885462
EUR,INR,82.34510331,EUR_INR,0.011439422530049351,83.27526694546975
EUR,INR,82.78438673,EUR_INR,-0.03307024337982936,79.64999103126864
EUR,INR,83.15390484,EUR_INR,0.037529600308468636,85.47652419671311
EUR,INR,85.92144536,EUR_INR,0.05134810742482972,86.66588079522792
EUR,INR,84.17548143,EUR_INR,0.021015626677565562,84.07655844422607
EUR,INR,84.18976409,EUR_INR,0.017196687592629874,83.75608750803525
EUR,INR,83.4778283,EUR_INR,-0.027122531576406303,80.1251378405074
EUR,INR,85.63762322,EUR_INR,0.007442935688398048,82.9431225842532
EUR,INR,82.03656117,EUR_INR,-0.006128294614303118,81.8250860907919
EUR,INR,84.35438093,EUR_INR,0.016246808486465397,83.67656712385208
EUR,INR,81.40849025,EUR_INR,-0.0452057391826012,78.68924028355636
EUR,INR,85.56785791,EUR_INR,0.05761818957342836,87.21099014162085
EUR,INR,80.0910062,EUR_INR,-0.026896709309499563,80.14323392394316
EUR,INR,81.62089908,EUR_INR,-0.02495821436245381,80.29874185491701
EUR,INR,82.42493973,EUR_INR,0.026566281271204757,84.5445359688477
EUR,INR,82.75435652,EUR_INR,-0.009684434892878804,81.53462137908149
EUR,INR,85.77294229,EUR_INR,0.05508696644310885,86.99051881493213
EUR,INR,85.00259407,EUR_INR,0.000301630870328174,82.35291041413635
EUR,INR,82.54084902,EUR_INR,-0.007399855495536469,81.72110663433001
EUR,INR,82.99496445,EUR_INR,0.008450398754309923,83.02672682384862
EUR,INR,85.17307047,EUR_INR,0.042833308527725336,85.93107106712765
EUR,INR,80.77694021,EUR_INR,-0.05355903435614758,78.03466357494105
EUR,INR,82.27442244,EUR_INR,-0.03906539313195838,79.17390593395328
EUR,INR,83.68364513,EUR_INR,-0.011021935045779812,81.42564170693052
EUR,INR,80.26404614,EUR_INR,-0.06230452651008222,77.35518754378852
EUR,INR,83.55967895,EUR_INR,-0.023883434169750417,80.38509174742647
EUR,INR,81.1757561,EUR_INR,-0.04179939309899801,78.95774011106465
EUR,INR,84.97695853,EUR_INR,0.03633848794715246,85.3747726629249
EUR,INR,83.15390484,EUR_INR,0.009640759765172561,83.12561744841419
EUR,INR,82.29657888,EUR_INR,-0.018039152817231053,80.85626031991023
EUR,INR,81.60185553,EUR_INR,0.000835100696262221,82.39685492741388
EUR,INR,85.22122868,EUR_INR,0.0034610203862754894,82.61350678185545
EUR,INR,85.55211035,EUR_INR,-0.0004836010962323884,82.28826965865504
EUR,INR,84.61110263,EUR_INR,0.031012088457666332,84.92124143389448
EUR,INR,85.42393262,EUR_INR,-0.0010540742443963817,82.24133979779137
EUR,INR,85.5793939,EUR_INR,0.04987948905597872,86.53869510721816
EUR,INR,84.64076662,EUR_INR,0.03849344368141581,85.55894989445287
EUR,INR,81.94445631,EUR_INR,-0.009241822788178268,81.57071757717385
EUR,INR,82.35608997,EUR_INR,0.0014707526689719927,82.44924730068718
EUR,INR,83.79461043,EUR_INR,-0.010040844590636222,81.50556682728858
EUR,INR,81.53373821,EUR_INR,0.010899817544458153,83.2303433178463
EUR,INR,84.9267861,EUR_INR,-0.00463993702654278,81.94696175332949
EUR,INR,85.59349345,EUR_INR,0.029859035319698815,84.82337916102203
EUR,INR,82.02740562,EUR_INR,0.001682347926861708,82.46669501629442
EUR,INR,85.51402326,EUR_INR,0.017041369945696425,83.74307971980282
EUR,INR,81.41544847,EUR_INR,-0.00862174050940835,81.62131381890525
EUR,INR,81.44456313,EUR_INR,-0.004764003559838417,81.93679550852906
EUR,INR,82.70528275,EUR_INR,0.018626243644653394,83.87590715387051
EUR,INR,82.23505356,EUR_INR,-0.026319515739319795,80.18950543578241
EUR,INR,84.64021729,EUR_INR,0.012287604679760703,83.34592950352926
EUR,INR,80.64986114,EUR_INR,-0.04007461784395868,79.09404197865648
EUR,INR,85.32175665,EUR_INR,0.011613320678473978,83.28974961941974
EUR,INR,83.07553331,EUR_INR,-0.02069299616389578,80.64196495036583
EUR,INR,81.889523,EUR_INR,0.0009015442569918381,82.40232984973284
EUR,INR,84.06909391,EUR_INR,0.019655427551480854,83.96227532442586
EUR,INR,82.12042604,EUR_INR,0.002149593611828613,82.5052362271003
EUR,INR,81.83349101,EUR_INR,0.002944544357492201,82.57084990252493
EUR,INR,81.1790521,EUR_INR,-0.037566015472659864,79.29270656095643
EUR,INR,84.42817469,EUR_INR,-0.01518954428899924,81.08699760821366
EUR,INR,83.60655538,EUR_INR,-0.011471668246018371,81.38903012584304
EUR,INR,83.94750816,EUR_INR,0.017710665148461625,83.79914732211972
EUR,INR,84.33661916,EUR_INR,-0.003907018252569507,82.0070442351685
EUR,INR,84.8125248,EUR_INR,0.014579770741319418,83.53719133270197
EUR,INR,81.81572924,EUR_INR,0.000931479601445767,82.40479662878245
EUR,INR,82.4328135,EUR_INR,-0.011058640120822723,81.42265302749144
EUR,INR,81.94409009,EUR_INR,-0.035370655345348945,79.46697382703903
EUR,INR,81.59288308,EUR_INR,0.01533264816673603,83.60010827964167
EUR,INR,84.28662984,EUR_INR,0.03907844023840818,85.60901622844969
EUR,INR,85.72038942,EUR_INR,0.06091006027801474,87.49855049125456
EUR,INR,84.57118442,EUR_INR,0.02005878532876183,83.9961489923206
EUR,INR,82.47383038,EUR_INR,0.011082416615546266,83.24554248885752
EUR,INR,84.6667684,EUR_INR,0.020464063570932434,84.03019770306808
EUR,INR,83.58494827,EUR_INR,-0.015665163309150982,81.04844025989516
EUR,INR,81.73955504,EUR_INR,0.012712823715424926,83.38137731530735
EUR,INR,83.34946745,EUR_INR,-0.023297121166081118,80.4322363914275
EUR,INR,84.89437544,EUR_INR,0.017041763562708027,83.7431126825101
EUR,INR,80.35139012,EUR_INR,0.0031818133419497458,82.59044372863879
EUR,INR,81.05636769,EUR_INR,0.0001558872569510406,82.34090887799533
EUR,INR,80.65498825,EUR_INR,-0.04530618207584691,78.6813369055207
EUR,INR,82.89168981,EUR_INR,0.029524651081547924,84.79502030164592
EUR,INR,81.56486709,EUR_INR,0.010929679094057945,83.23282874198063
EUR,INR,82.95175024,EUR_INR,-0.025733695260879798,80.2364958528531
EUR,INR,84.90462966,EUR_INR,0.02880117162001943,84.73369503247906
EUR,INR,80.70699179,EUR_INR,-0.06302585909353214,77.2994088464288
EUR,INR,85.31406598,EUR_INR,0.05483597772413091,86.96868791582085
EUR,INR,83.45988342,EUR_INR,-0.0035064406144703067,82.03990100365972
EUR,INR,80.0961333,EUR_INR,-0.03089951277709531,79.82307749838695
EUR,INR,81.04373302,EUR_INR,-0.028850456680378094,79.98680715032782
EUR,INR,84.39320048,EUR_INR,0.013471097807220314,83.44462723081926
EUR,INR,80.48011719,EUR_INR,-0.05150642310940836,78.19500290389013
EUR,INR,80.67824335,EUR_INR,-0.0020202127350249415,82.16192164453679
EUR,INR,85.11410871,EUR_INR,0.0216868266250575,84.13300956871572
EUR,INR,82.49415571,EUR_INR,0.009962576191958462,83.15237294254365
EUR,INR,85.95733512,EUR_INR,0.020438483266671234,84.02804821253613
EUR,INR,80.761742,EUR_INR,-0.0368937350745531,79.34603141590917
EUR,INR,83.75304422,EUR_INR,0.003359453369014366,82.60511640048634
EUR,INR,82.60969878,EUR_INR,0.030364698780413767,84.86628209078593
EUR,INR,83.41593677,EUR_INR,-0.02211999116296405,80.52697133683594
EUR,INR,83.26395459,EUR_INR,0.030471563649693775,84.87535179953582
EUR,INR,84.73397015,EUR_INR,0.03818980843066398,85.532975124875
EUR,INR,80.84139531,EUR_INR,-0.04439618483381125,78.75296929279862
EUR,INR,83.28812525,EUR_INR,-0.0019394159847004374,82.16856032899453
EUR,INR,81.67638173,EUR_INR,-0.03816833037134683,79.24496176258268
EUR,INR,84.21832942,EUR_INR,0.000650309910072602,82.38163015455449
EUR,INR,83.79699087,EUR_INR,-0.003932128913938437,82.0049850099052
EUR,INR,83.47215186,EUR_INR,0.040168187476151716,85.70235926833307
EUR,INR,80.13898129,EUR_INR,-0.05043044166421696,78.27918455694808
EUR,INR,85.28165532,EUR_INR,-0.006057999603578918,81.83083818826566
EUR,INR,80.765038,EUR_INR,-0.026328565696767843,80.18877972745426
EUR,INR,81.55900754,EUR_INR,0.01603694015922969,83.65900790530733
EUR,INR,84.51130711,EUR_INR,0.005845487683858281,82.81073103105544
EUR,INR,83.44981231,EUR_INR,0.008592249651534727,83.03850507490021
EUR,INR,84.85409101,EUR_INR,-0.008840777469661007,81.60343769227221
EUR,INR,84.16357921,EUR_INR,-0.02107388136549498,80.6112554680533
EUR,INR,84.12714011,EUR_INR,-0.009432288209347342,81.55518265557511
EUR,INR,80.18567461,EUR_INR,-0.025630819953779173,80.24475063160381
EUR,INR,84.28406629,EUR_INR,-0.01576080368091941,81.04068912760395
EUR,INR,85.79985961,EUR_INR,0.06983052628080391,88.28257004709776
EUR,INR,82.9197058,EUR_INR,-0.020569246364645945,80.65194499484107
EUR,INR,80.26148259,EUR_INR,-0.031694774311430515,79.75962251030012
EUR,INR,84.01873836,EUR_INR,0.043063816203189484,85.95088112166657
EUR,INR,82.7358623,EUR_INR,0.005288013888224169,82.76457908395413
EUR,INR,85.60759301,EUR_INR,0.0027930984906046077,82.55834583545033
EUR,INR,85.95605335,EUR_INR,0.05322134244913554,86.82837850923332
EUR,INR,84.92440565,EUR_INR,0.019956919953425092,83.98759312885717
EUR,INR,82.26746422,EUR_INR,0.026686394626633345,84.55469150664172
EUR,INR,85.62297433,EUR_INR,0.010668308142011857,83.21107694105913
EUR,INR,80.01281777,EUR_INR,-0.04852604126550774,78.42840150654051
EUR,INR,84.64296396,EUR_INR,0.009265084314624795,83.09439505973687
EUR,INR,82.84609516,EUR_INR,-0.02554205011507224,80.2518742613515
EUR,INR,80.47737053,EUR_INR,-0.02910140422211829,79.96673717606248
EUR,INR,82.29950865,EUR_INR,-0.021948853509705237,80.54075371304269
EUR,INR,85.36881619,EUR_INR,0.005443634955355261,82.77745999831666
EUR,INR,81.50096133,EUR_INR,0.016050737123780186,83.66016215363628
EUR,INR,83.24637593,EUR_INR,0.013490725607073912,83.44626508133506
EUR,INR,80.1010773,EUR_INR,-0.043817710169371145,78.79853906949381
EUR,INR,84.71437727,EUR_INR,0.03774753301593395,85.49515435704294
EUR,INR,83.99127171,EUR_INR,0.0303564774756292,84.86558438208296
EUR,INR,83.86236152,EUR_INR,0.018573724384125346,83.87150216892496
EUR,INR,84.98941008,EUR_INR,0.018770701389578422,83.88802455347654
EUR,INR,82.85378582,EUR_INR,0.028309909360443433,84.69207878907703
EUR,INR,84.12585833,EUR_INR,0.03454534140221327,85.221820358231
EUR,INR,84.9053621,EUR_INR,0.014018976974880077,83.49035732987255
EUR,INR,80.20325327,EUR_INR,-0.002535576231861185,82.11958929850117
EUR,INR,82.13086337,EUR_INR,0.00974792729294008,83.13452629269116
EUR,INR,83.68895535,EUR_INR,0.029252748449072153,84.77196744661308
EUR,INR,81.57621998,EUR_INR,-0.020981421499869,80.61870911847826
EUR,INR,81.47990356,EUR_INR,0.011311549527145246,83.26461896782675
EUR,INR,82.31910154,EUR_INR,-0.03213029635187693,79.72489300004173
EUR,INR,83.40897855,EUR_INR,-0.021984379136241534,80.53789250312876
EUR,INR,80.54109317,EUR_INR,-0.0183171299599895,80.83378725133677
EUR,INR,81.26932585,EUR_INR,-0.02398315347833559,80.37707620131586
EUR,INR,83.72338023,EUR_INR,0.00013998395944663105,82.33959939643722
EUR,INR,80.40687277,EUR_INR,-0.032339745425947496,79.70819644362268
EUR,INR,81.33414716,EUR_INR,-0.015499083449163785,81.0619018913277
EUR,INR,81.27628407,EUR_INR,-0.01861301250886003,80.80987348233792
EUR,INR,83.30588702,EUR_INR,-0.007153207614714107,81.74126545806321
EUR,INR,80.56343272,EUR_INR,-0.03765291645230512,79.28581624646944
EUR,INR,85.00698874,EUR_INR,0.01407418859300894,83.49496709485402
EUR,INR,85.262978,EUR_INR,0.05933778308231511,87.36108660964175
EUR,INR,82.02996918,EUR_INR,0.01441205235950037,83.52318178501211
EUR,INR,83.24198126,EUR_INR,-0.015062030467419036,81.09733798041533
EUR,INR,83.71166112,EUR_INR,0.037206716164490436,85.44892963753018
EUR,INR,83.04971465,EUR_INR,-0.013127048332336917,81.25441179911762
EUR,INR,82.60457167,EUR_INR,-0.03054503515985078,79.85137800835203
EUR,INR,82.80324717,EUR_INR,0.0016865078072852856,82.46703806859814
EUR,INR,83.90392773,EUR_INR,0.01855109744379961,83.86960443492039
EUR,INR,83.65471358,EUR_INR,0.04305877431630232,85.95044776813857
EUR,INR,83.8189642,EUR_INR,0.010431073342329953,83.19133871927883
EUR,INR,80.35084078,EUR_INR,-0.008039439905935067,81.66885579971698
EUR,INR,80.8562273,EUR_INR,-0.05807199233823734,77.6832898808023
EUR,INR,84.50526444,EUR_INR,0.018281031974144765,83.8469572090634
EUR,INR,80.65425581,EUR_INR,-0.045389031536166254,78.67481846924906
EUR,INR,84.14709922,EUR_INR,0.03503215283838992,85.26331741479451
EUR,INR,85.16666158,EUR_INR,0.04452561568481293,86.07661595230064
EUR,INR,82.66371654,EUR_INR,0.018595075927700534,83.87329297407639
EUR,INR,82.36176641,EUR_INR,-0.0006400920737121782,82.27539329444473
EUR,INR,80.1290933,EUR_INR,-0.034079146745956655,79.56967241088137
EUR,INR,82.94918668,EUR_INR,-0.03197347108875279,79.73739685779877
EUR,INR,80.99942015,EUR_INR,-0.016285740059281448,80.9981590855131
EUR,INR,85.69072542,EUR_INR,0.04448621219307197,86.0732242998968
EUR,INR,82.97445601,EUR_INR,-0.03416300305715673,79.563000271424
EUR,INR,84.39942625,EUR_INR,0.03857184410285715,85.56565801513898
EUR,INR,81.2502823,EUR_INR,-0.04274699549793507,78.88295500598936
EUR,INR,81.45774712,EUR_INR,-0.005192693214336045,81.90167757985603
EUR,INR,81.14078188,EUR_INR,-0.05510793265348779,77.91388937501826
EUR,INR,82.4145024,EUR_INR,-0.016539524713780368,80.97760560388397
EUR,INR,82.90688803,EUR_INR,-0.024644757693936627,80.32391597631697
EUR,INR,85.64421522,EUR_INR,-0.001898916584576735,82.1718881737843
EUR,INR,82.32935575,EUR_INR,-0.01896651438600626,80.78131208892049
EUR,INR,81.96221809,EUR_INR,-0.0426104076352639,78.89373019607815
EUR,INR,85.85808893,EUR_INR,0.005586232332227484,82.78926468861549
EUR,INR,81.20596942,EUR_INR,-0.04739767341633526,78.51694754011638
EUR,INR,84.79879147,EUR_INR,-0.014038325172254226,81.18040026312505
EUR,INR,81.88183233,EUR_INR,-0.04424013586339113,78.76525957149202
EUR,INR,85.73778497,EUR_INR,0.0493137281517945,86.48974874410229
EUR,INR,83.78893399,EUR_INR,-0.009004643578823092,81.5900667499954
EUR,INR,84.97549364,EUR_INR,0.017077962431770694,83.74614414334839
EUR,INR,85.80700095,EUR_INR,0.04932451513833033,86.49068171288943
EUR,INR,83.90575884,EUR_INR,-0.01830924732639507,80.83442443697507
EUR,INR,85.53013703,EUR_INR,0.01899997108730904,83.90725974044763
EUR,INR,85.37980285,EUR_INR,,
EUR,INR,85.14761803,EUR_INR,,
EUR,INR,85.99761956,EUR_INR,,
EUR,INR,85.58561968,EUR_INR,,
EUR,INR,81.61229286,EUR_INR,,
EUR,INR,84.54683065,EUR_INR,,
EUR,INR,83.53660695,EUR_INR,,
EUR,INR,81.67729728,EUR_INR,,
EUR,INR,85.45616016,EUR_INR,,
EUR,INR,83.92040773,EUR_INR,,
GBP,INR,95.55583361,GBP_INR,-0.012647566058915606,94.35489537349899
GBP,INR,95.77785577,GBP_INR,-0.01910948590482057,93.74714732688835
GBP,INR,96.31336406,GBP_INR,0.006212419215226522,96.15131427945093
GBP,INR,96.06955168,GBP_INR,-0.006623376353192214,94.92502271632745
GBP,INR,97.31131932,GBP_INR,0.0055021568324231575,96.08304586497447
GBP,INR,97.7607654,GBP_INR,0.02410596503007932,97.88728726448102
GBP,INR,95.27173681,GBP_INR,-0.0014049462435798878,95.42167706395253
GBP,INR,97.51017792,GBP_INR,0.019921284116052852,97.47851608673044
GBP,INR,97.9304178,GBP_INR,0.014819988230172962,96.9825155320771
GBP,INR,96.41508225,GBP_INR,-0.01314023234111076,94.30842134702135
GBP,INR,96.77205725,GBP_INR,0.017264929801394793,97.21992222046107
GBP,INR,97.625721,GBP_INR,0.016837945066167467,97.17841965882364
GBP,INR,95.71687979,GBP_INR,-0.009984881949811382,94.60646743385513
GBP,INR,96.70796838,GBP_INR,0.009450192387835493,96.46313495523954
GBP,INR,96.77736747,GBP_INR,0.007619052472212243,96.28665908375444
GBP,INR,95.43232521,GBP_INR,-0.023170874792106916,93.36717583282041
GBP,INR,95.40568255,GBP_INR,-0.0026948855060229897,95.29866825022545
GBP,INR,95.58687094,GBP_INR,-0.021875171614036203,93.48823038772424
GBP,INR,96.48979156,GBP_INR,-0.006438136509676792,94.94260824140078
GBP,INR,97.6903592,GBP_INR,0.006542401257949764,96.18304772199254
GBP,INR,95.11563463,GBP_INR,-0.008683083763427054,94.72970616015178
GBP,INR,95.99566637,GBP_INR,-0.019679255994414953,93.69374822040815
GBP,INR,96.67738884,GBP_INR,0.01423224878915236,96.92553183003446
GBP,INR,95.79836421,GBP_INR,-0.014397807577769064,94.1898959546468
GBP,INR,96.04281747,GBP_INR,0.001322117233721544,95.68225317672727
GBP,INR,97.66939299,GBP_INR,0.0257299253424421,98.0463814804655
GBP,INR,95.66313669,GBP_INR,-0.002562596261162851,95.31127607300573
GBP,INR,97.70088809,GBP_INR,0.008198470448209668,96.34246547092695
GBP,INR,97.11301004,GBP_INR,0.015171536232480437,97.01661553521394
GBP,INR,97.05331584,GBP_INR,0.02005065301016357,97.49112759030668
GBP,INR,95.94512772,GBP_INR,-0.003730824532078267,95.19999575882062
GBP,INR,97.90350047,GBP_INR,0.017849737296135045,97.27679378745212
GBP,INR,95.31119724,GBP_INR,-0.009621004727080815,94.64089883649899
GBP,INR,97.1876278,GBP_INR,0.012533998142601333,96.76106767314415
GBP,INR,95.91592151,GBP_INR,0.002268648086128035,95.77286225676681
GBP,INR,95.18842128,GBP_INR,-0.007998286255686502,94.7945990435457
GBP,INR,95.90859706,GBP_INR,-0.017305434426990295,93.91642465316026
GBP,INR,96.90316477,GBP_INR,-0.0017020515015225362,95.393330993067
GBP,INR,95.6507767,GBP_INR,-0.01736861043863592,93.91049157543873
GBP,INR,95.12671285,GBP_INR,-0.013151754101262675,94.30733475427003
GBP,INR,96.30375072,GBP_INR,0.010825965397671113,96.59593766500008
GBP,INR,96.17145299,GBP_INR,0.009547375168201547,96.47250996643477
GBP,INR,96.23261208,GBP_INR,0.008137025349501215,96.33654588049305
GBP,INR,95.9770806,GBP_INR,0.003268734989091648,95.86869135269389
GBP,INR,95.69856868,GBP_INR,-0.0056781711010598975,95.01478876334407
GBP,INR,95.95281838,GBP_INR,-0.0063052885062025435,94.95522201518907
GBP,INR,97.58278146,GBP_INR,-0.002877174911525466,95.2812978959088
GBP,INR,97.06823939,GBP_INR,0.0065199107948600505,96.1808845450334
GBP,INR,97.32660909,GBP_INR,0.003099715263247932,95.85248902205977
GBP,INR,96.38605914,GBP_INR,-0.0015708228297175793,95.40585015461076
GBP,INR,95.26679281,GBP_INR,0.002096309464325944,95.75635831585352
GBP,INR,95.25763726,GBP_INR,0.0017180636876277398,95.72014572678972
GBP,INR,95.45274209,GBP_INR,0.0024306140242943666,95.78837545452402
GBP,INR,95.66386914,GBP_INR,0.001164455963505569,95.66716898028234
GBP,INR,96.24350719,GBP_INR,0.0033885233850537194,95.88017599730385
GBP,INR,96.55973998,GBP_INR,-0.0019929728249338365,95.36558307539605
GBP,INR,97.86394848,GBP_INR,0.0199964772392059,97.48584607637427
GBP,INR,96.4374218,GBP_INR,-0.000281925383492608,95.52889779208834
GBP,INR,97.0253914,GBP_INR,0.011753706144364159,96.68559523539686
GBP,INR,96.53758354,GBP_INR,0.012734190605701894,96.78044044869101
GBP,INR,95.06729331,GBP_INR,-0.01945309502199858,93.71494048595638
GBP,INR,95.09411908,GBP_INR,-0.018588972646144963,93.79595666188601
GBP,INR,95.22101505,GBP_INR,-0.02594423282411236,93.10859396159405
GBP,INR,95.55253761,GBP_INR,-0.01950561329075356,93.71001886876412
GBP,INR,95.91793573,GBP_INR,0.007164453982953899,96.24289726178196
GBP,INR,96.75237281,GBP_INR,0.012752702539442646,96.78223205837503
GBP,INR,95.92645039,GBP_INR,0.0030818412826070837,95.85077577183796
GBP,INR,96.46461379,GBP_INR,-0.0025375451490778416,95.31366375637253
GBP,INR,95.89165929,GBP_INR,0.0014121628489084138,95.69086933199472
GBP,INR,95.31604968,GBP_INR,-0.026611076100963697,93.04652581885556
GBP,INR,96.93475143,GBP_INR,-0.00928377634402344,94.67281981581232
GBP,INR,96.87835322,GBP_INR,-0.011459993228811322,94.4670152457117
GBP,INR,97.72377697,GBP_INR,0.019227647801567275,97.41092489265391
GBP,INR,97.43464461,GBP_INR,0.018755647843487863,97.36495778927693
GBP,INR,95.23319193,GBP_INR,-0.004102445219544322,95.16462404378757
GBP,INR,95.52635273,GBP_INR,0.00415383431710099,95.9535822298745
GBP,INR,95.63127537,GBP_INR,0.001306720526866037,95.68077999646493
GBP,INR,96.70970794,GBP_INR,-0.012799545080849269,94.34055649841717
GBP,INR,95.75634022,GBP_INR,0.0015472589218914201,95.7037976659257
GBP,INR,97.8865627,GBP_INR,0.019912614789461488,97.47767101730193
GBP,INR,97.83886227,GBP_INR,0.002759672808612649,95.81990064743927
GBP,INR,97.99496445,GBP_INR,0.015136397792856693,97.01320658261946
GBP,INR,95.86272774,GBP_INR,-0.006583538774772614,94.92880437468943
GBP,INR,95.62422559,GBP_INR,-0.024052558003305958,93.28489184094903
GBP,INR,95.62468337,GBP_INR,-0.01762545338677879,93.8863744252135
GBP,INR,95.13037507,GBP_INR,-0.007843691320655597,94.80925494126072
GBP,INR,95.50639363,GBP_INR,-0.015565291268300948,94.07999495360309
GBP,INR,97.95550401,GBP_INR,0.01666957894935928,97.16205948295641
GBP,INR,95.60829493,GBP_INR,-0.019621121746243295,93.69919519434566
GBP,INR,95.95666372,GBP_INR,-0.012608256493319878,94.35860449634949
GBP,INR,97.56923124,GBP_INR,0.003975297306720665,95.93645249335937
GBP,INR,96.5228431,GBP_INR,-0.004774901841098868,95.10065147401133
GBP,INR,96.49592578,GBP_INR,-0.004366328602652482,95.1395149939189
GBP,INR,97.95211646,GBP_INR,0.029227544494868748,98.38991079931105
GBP,INR,97.32505264,GBP_INR,0.015352188643732568,97.03414340392011
GBP,INR,95.87948241,GBP_INR,-0.0012386954904211247,95.43754230839997
GBP,INR,97.00460829,GBP_INR,0.019378322502835065,97.42560336047143
GBP,INR,96.33616138,GBP_INR,0.004361265917817885,95.97348809951279
GBP,INR,97.50276193,GBP_INR,0.001719856299807086,95.72031731604255
GBP,INR,97.17416913,GBP_INR,-0.0009699745608329292,95.46319181961259
GBP,INR,97.18213446,GBP_INR,3.3916171035963284e-05,95.55907455295608
GBP,INR,96.9848323,GBP_INR,0.01025536473680772,96.54083568124092
GBP,INR,96.91817988,GBP_INR,-0.0046313584481028165,95.1143035240074
GBP,INR,95.13064974,GBP_INR,-0.018293725120659788,93.82365377454174
GBP,INR,95.84231086,GBP_INR,-0.018249165820426082,93.82783458404559
GBP,INR,95.99832148,GBP_INR,0.004676516537000152,96.00374857062675
GBP,INR,95.14291818,GBP_INR,-0.020360363670836913,93.62995441695331
GBP,INR,95.91692862,GBP_INR,-0.008542717126574258,94.74300398367909
GBP,INR,97.33521531,GBP_INR,0.0015692455435545075,95.70590189224905
GBP,INR,97.26847133,GBP_INR,0.017451875443037834,97.23809876016055
GBP,INR,97.17883847,GBP_INR,-0.00047566471561128837,95.51039187995148
GBP,INR,95.99530015,GBP_INR,-0.011755229650788047,94.4391292588178
GBP,INR,97.36808374,GBP_INR,0.021097611075631892,97.59325016234595
GBP,INR,96.88695944,GBP_INR,0.016681049818587923,97.16317402262709
GBP,INR,97.60740989,GBP_INR,0.003503925042127245,95.89124136696316
GBP,INR,95.55043184,GBP_INR,-0.023027395056073333,93.38057309165771
GBP,INR,97.0999176,GBP_INR,0.005580539075849652,96.09057736482868
GBP,INR,96.73982971,GBP_INR,0.01052532969636181,96.56690184235768
GBP,INR,97.18259224,GBP_INR,0.004010061932317599,95.93978774618547
GBP,INR,95.58568072,GBP_INR,-0.004552757179350451,95.12177992276425
GBP,INR,97.22507401,GBP_INR,0.021609987212765924,97.64326742760683
GBP,INR,97.13040559,GBP_INR,0.005869823284638842,96.11837887254846
GBP,INR,95.3353679,GBP_INR,-0.015196757630466897,94.11467298600897
GBP,INR,95.28418836,GBP_INR,-0.01385063478150199,94.24144820610498
GBP,INR,97.26599933,GBP_INR,0.00027018680849030916,95.58165502386133
GBP,INR,97.77623829,GBP_INR,0.0005882183956143227,95.61205784358076
GBP,INR,96.55955687,GBP_INR,-0.013842890164964443,94.24217807280954
GBP,INR,95.7269509,GBP_INR,-0.022191549696239713,93.45865743904864
GBP,INR,96.79366436,GBP_INR,0.0012341933755370294,95.67384079369819
GBP,INR,96.02185125,GBP_INR,0.0027220912161832617,95.81629965065254
GBP,INR,95.1465804,GBP_INR,-0.016442810707886012,93.9974741412591
GBP,INR,96.56193731,GBP_INR,0.009619625386749845,96.4794803781676
GBP,INR,96.7952208,GBP_INR,0.002283092692305303,95.77424566803597
GBP,INR,96.61311686,GBP_INR,0.006661381649206943,96.19449229946946
GBP,INR,97.23972289,GBP_INR,-0.007109690593394232,94.87887054916663
GBP,INR,97.71874142,GBP_INR,0.009919584519688043,96.50842462027603
GBP,INR,97.90551469,GBP_INR,0.01784079895979651,97.27592429863722
GBP,INR,97.8750267,GBP_INR,0.011399368018121196,96.65134191173412
GBP,INR,96.67427595,GBP_INR,0.01284268878111513,96.7909415195586
GBP,INR,95.76082644,GBP_INR,-0.008260782608130244,94.76971907265907
GBP,INR,96.7239906,GBP_INR,0.009260393827746157,96.44482812848297
GBP,INR,95.63750114,GBP_INR,-0.019489391321959502,93.71153904209596
GBP,INR,96.57448042,GBP_INR,-0.00704270735595728,94.88522605593421
GBP,INR,95.97167882,GBP_INR,-0.0011307864961629312,95.44784143327905
GBP,INR,97.93353069,GBP_INR,0.012587507732940251,96.7662454567654
GBP,INR,96.75420392,GBP_INR,0.013904177578595639,96.8937385689851
GBP,INR,96.17429121,GBP_INR,-0.0017006844063163966,95.39346140492162
GBP,INR,96.76564837,GBP_INR,0.013852634008436804,96.88874444848173
GBP,INR,95.44065676,GBP_INR,-0.016936923523727873,93.95104025736242
GBP,INR,96.55516221,GBP_INR,0.011972493404454292,96.7067511261039
GBP,INR,95.83242286,GBP_INR,0.00765884794673502,96.29049093328751
GBP,INR,97.5196997,GBP_INR,0.004200737528659325,95.95808286658794
GBP,INR,97.25702689,GBP_INR,-0.004579651564382462,95.11922171539094
GBP,INR,96.08026368,GBP_INR,0.002487318592251241,95.79380724697172
GBP,INR,96.70851772,GBP_INR,-0.011633481128422269,94.45062778320855
GBP,INR,95.41822565,GBP_INR,-0.022850756503509487,93.39706915780393
GBP,INR,96.33799249,GBP_INR,-0.010772986270561538,94.53193704081961
GBP,INR,95.43443098,GBP_INR,-0.02597389568437692,93.10583213534397
GBP,INR,97.0708945,GBP_INR,-0.006999324444937038,94.88934254254526
GBP,INR,95.40604877,GBP_INR,0.001157036145990147,95.6664591499797
GBP,INR,95.10126041,GBP_INR,-0.018569634797432778,93.79777049144349
GBP,INR,97.11090426,GBP_INR,0.015275251399937115,97.02667815155422
GBP,INR,97.70345164,GBP_INR,0.019618646232939428,97.44901985853606
GBP,INR,95.84157842,GBP_INR,0.003107572488923474,95.85324215965636
GBP,INR,97.84014405,GBP_INR,0.024089046076132874,97.88563112798593
GBP,INR,97.62370678,GBP_INR,0.007841946737423526,96.30812321990813
GBP,INR,97.38145085,GBP_INR,0.002397495395169459,95.78520312737471
GBP,INR,97.94570757,GBP_INR,0.014792042634162485,96.97980533574716
GBP,INR,97.75270852,GBP_INR,0.022468648288586954,97.72714590710198
GBP,INR,95.29572436,GBP_INR,-0.01739405066273608,93.9081025018771
GBP,INR,96.883755,GBP_INR,0.0164510167549009,97.1408258505369
GBP,INR,95.63878292,GBP_INR,-0.007499104078046566,94.84193063048424
GBP,INR,95.80532243,GBP_INR,-0.0005703552023318012,95.50134838263085
GBP,INR,95.54420606,GBP_INR,-0.018160681885740597,93.83613720735157
GBP,INR,95.51142918,GBP_INR,-0.024091853304363576,93.28122625506063
GBP,INR,96.86114078,GBP_INR,0.007401016845448558,96.26566745023727
GBP,INR,97.14825892,GBP_INR,0.017984001662603832,97.28985547138186
GBP,INR,96.50755333,GBP_INR,0.010598735079547431,96.57399063296498
GBP,INR,95.58082827,GBP_INR,-0.001939752238685203,95.37065862269586
GBP,INR,96.96780297,GBP_INR,-0.005613445038471497,95.02093889554315
GBP,INR,95.30295724,GBP_INR,-0.026364887817431244,93.0694356032801
GBP,INR,96.35868404,GBP_INR,0.006891399810673957,96.21662132467272
GBP,INR,95.85998108,GBP_INR,-0.004967514324823871,95.08233566531038
GBP,INR,97.29520554,GBP_INR,0.012116119946181987,96.72064177983926
GBP,INR,97.84041871,GBP_INR,0.025652683487817962,98.0388084886005
GBP,INR,96.1469161,GBP_INR,0.009945991721849167,96.51097317140513
GBP,INR,95.41676077,GBP_INR,-0.02180109214851749,93.4951562023908
GBP,INR,95.49009674,GBP_INR,-0.01731371901379158,93.9156465976111
GBP,INR,95.76641133,GBP_INR,-0.01967528600786116,93.69412018406712
GBP,INR,97.51365703,GBP_INR,0.01998857174982554,97.48507540609965
GBP,INR,97.84902493,GBP_INR,0.010599233732646311,96.57403878989669
GBP,INR,95.69692068,GBP_INR,-0.010538082317345635,94.55414557486976
GBP,INR,96.3373516,GBP_INR,0.0121776808295578,96.72659617126482
GBP,INR,96.12347789,GBP_INR,0.010699071735080116,96.58368103033943
GBP,INR,95.36246834,GBP_INR,-0.013726657892958682,94.25313269191352
GBP,INR,95.1953795,GBP_INR,-0.023250435596557394,93.3597477606975
GBP,INR,97.51979125,GBP_INR,0.011532300993322996,96.66419091618097
GBP,INR,97.15778069,GBP_INR,0.020586646161165758,97.54339617352852
GBP,INR,97.66930143,GBP_INR,0.004620809104124971,95.99840059720981
GBP,INR,95.5838496,GBP_INR,-0.007221952424514556,94.86821987126764
GBP,INR,96.81737724,GBP_INR,0.006520678440639553,96.18095837791184
GBP,INR,96.71071505,GBP_INR,0.009214852348515245,96.44043598835887
GBP,INR,95.17130039,GBP_INR,-0.0027840195648754073,95.29017427167808
GBP,INR,95.10052797,GBP_INR,-0.026464340003237483,93.06018010472502
GBP,INR,96.68050172,GBP_INR,0.0017335475572587068,95.72162785652174
GBP,INR,97.43464461,GBP_INR,-0.004957557620502158,95.08328237672588
GBP,INR,96.40162358,GBP_INR,-0.0031481435483607777,95.25548315015324
GBP,INR,95.1780755,GBP_INR,-0.007449338672590084,94.84665059506084
GBP,INR,97.21903134,GBP_INR,0.007088148507247876,96.23555368190432
GBP,INR,96.27665029,GBP_INR,0.0025260926545236178,95.79752163402969
GBP,INR,96.18811609,GBP_INR,-0.015592649945359732,94.07742108461244
GBP,INR,95.82363353,GBP_INR,0.005280405396762439,96.06174167381603
GBP,INR,95.43662832,GBP_INR,-0.003044122844082721,95.26539220796151
GBP,INR,97.65089877,GBP_INR,-0.002020317766225597,95.36297534477987
GBP,INR,96.51304666,GBP_INR,-0.010231616034569813,94.58312767317626
GBP,INR,97.9188818,GBP_INR,0.011504889782122947,96.66154126994346
GBP,INR,96.70558794,GBP_INR,0.010905155932500512,96.60358745185748
GBP,INR,95.88973663,GBP_INR,-0.009186769626873655,94.68200416073034
GBP,INR,96.53236488,GBP_INR,0.0041685511279082365,95.95499437098154
GBP,INR,96.03375347,GBP_INR,0.010029028076797994,96.51898742356238
GBP,INR,97.69969787,GBP_INR,0.014711635922431538,96.97200782198622
GBP,INR,95.31897946,GBP_INR,-0.016184626783014543,94.02174591121648
GBP,INR,95.72759178,GBP_INR,0.006297712338300197,96.1595156750898
GBP,INR,97.84838404,GBP_INR,0.010892500466600235,96.60236489618666
GBP,INR,97.50560015,GBP_INR,0.01263739672816322,96.77107314794607
GBP,INR,96.79879147,GBP_INR,0.011789996977385201,96.68910409985851
GBP,INR,95.65672781,GBP_INR,0.001173167157448309,95.66800235917513
GBP,INR,96.77471236,GBP_INR,0.013536738292178337,96.85814254291671
GBP,INR,96.13080233,GBP_INR,-0.0038393869241525507,95.189661180539
GBP,INR,95.07544176,GBP_INR,-0.019068877533712395,93.75095432313478
GBP,INR,96.27289651,GBP_INR,0.0033970294737140964,95.8809915660503
GBP,INR,96.87423322,GBP_INR,-0.0055154682884357075,95.03024919441046
GBP,INR,95.1266213,GBP_INR,-0.02670366323845675,93.03791130617901
GBP,INR,96.78835414,GBP_INR,-0.012122173422304297,94.4044817657785
GBP,INR,96.28113651,GBP_INR,-0.014477974880841304,94.18234530737301
GBP,INR,95.66423536,GBP_INR,0.00013495326700864785,95.56873005211632
GBP,INR,95.54457228,GBP_INR,-0.02418181321034246,93.27283506215826
GBP,INR,95.47352519,GBP_INR,-0.014478579105870238,94.18228840005989
GBP,INR,96.50059511,GBP_INR,0.003363297340006364,95.87775735017158
GBP,INR,96.90581988,GBP_INR,0.01895043829311553,97.38392540047747
GBP,INR,95.9464095,GBP_INR,0.004969584537038886,96.03188832044526
GBP,INR,97.41001617,GBP_INR,0.0052168622537269805,96.05563780275625
GBP,INR,97.7010712,GBP_INR,0.021208707081381967,97.60409298491315
GBP,INR,97.96877956,GBP_INR,0.029439029668888225,98.41072100716585
GBP,INR,97.68523209,GBP_INR,0.014243125610691371,96.92658607748017
GBP,INR,95.65132603,GBP_INR,-0.0054230080218677845,95.0390361227976
GBP,INR,97.88317515,GBP_INR,0.017006374125850005,97.19478870714121
GBP,INR,96.86590167,GBP_INR,0.00921814580374489,96.44075361114017
GBP,INR,96.1765801,GBP_INR,0.0049825359037010885,96.03313207269629
GBP,INR,95.08670309,GBP_INR,-0.009067455964827376,94.6933016913381
GBP,INR,95.47077853,GBP_INR,-0.021880841703111307,93.48770030263329
GBP,INR,96.90316477,GBP_INR,,
GBP,INR,95.6507767,GBP_INR,,
GBP,INR,95.12671285,GBP_INR,,
GBP,INR,96.30375072,GBP_INR,,
GBP,INR,96.17145299,GBP_INR,,
GBP,INR,96.23261208,GBP_INR,,
GBP,INR,95.9770806,GBP_INR,,
GBP,INR,95.69856868,GBP_INR,,
GBP,INR,95.95281838,GBP_INR,,
GBP,INR,97.58278146,GBP_INR,,
INR,INR,1.0,INR_INR,0.0,1.0
INR,INR,1.0,INR_INR,0.0,1.0
INR,INR,1.0,INR_INR,0.0,1.0
INR,INR,1.0,INR_INR,0.0,1.0
INR,INR,1.0,INR_INR,0.0,1.0
INR,INR,1.0,INR_INR,0.0,1.0
INR,INR,1.0,INR_INR,0.0,1.0
INR,INR,1.0,INR_INR,0.0,1.0
INR,INR,1.0,INR_INR,0.0,1.0
INR,INR,1.0,INR_INR,0.0,1.0
INR,INR,1.0,INR_INR,0.0,1.0
INR,INR,1.0,INR_INR,0.0,1.0
INR,INR,1.0,INR_INR,0.0,1.0
INR,INR,1.0,INR_INR,0.0,1.0
INR,INR,1.0,INR_INR,0.0,1.0
INR,INR,1.0,INR_INR,0.0,1.0
INR,INR,1.0,INR_INR,0.0,1.0
INR,INR,1.0,INR_INR,0.0,1.0
INR,INR,1.0,INR_INR,0.0,1.0
INR,INR,1.0,INR_INR,0.0,1.0
INR,INR,1.0,INR_INR,0.0,1.0
INR,INR,1.0,INR_INR,0.0,1.0
INR,INR,1.0,INR_INR,0.0,1.0
INR,INR,1.0,INR_INR,0.0,1.0
INR,INR,1.0,INR_INR,0.0,1.0
INR,INR,1.0,INR_INR,0.0,1.0
INR,INR,1.0,INR_INR,0.0,1.0
INR,INR,1.0,INR_INR,0.0,1.0
INR,INR,1.0,INR_INR,0.0,1.0
INR,INR,1.0,INR_INR,0.0,1.0
INR,INR,1.0,INR_INR,0.0,1.0
INR,INR,1.0,INR_INR,0.0,1.0
INR,INR,1.0,INR_INR,0.0,1.0
INR,INR,1.0,INR_INR,0.0,1.0
INR,INR,1.0,INR_INR,0.0,1.0
INR,INR,1.0,INR_INR,0.0,1.0
INR,INR,1.0,INR_INR,0.0,1.0
INR,INR,1.0,INR_INR,0.0,1.0
INR,INR,1.0,INR_INR,0.0,1.0
INR,INR,1.0,INR_INR,0.0,1.0
INR,INR,1.0,INR_INR,0.0,1.0
INR,INR,1.0,INR_INR,0.0,1.0
INR,INR,1.0,INR_INR,0.0,1.0
INR,INR,1.0,INR_INR,0.0,1.0
INR,INR,1.0,INR_INR,0.0,1.0
INR,INR,1.0,INR_INR,0.0,1.0
INR,INR,1.0,INR_INR,0.0,1.0
INR,INR,1.0,INR_INR,0.0,1.0
INR,INR,1.0,INR_INR,0.0,1.0
INR,INR,1.0,INR_INR,0.0,1.0
INR,INR,1.0,INR_INR,0.0,1.0
INR,INR,1.0,INR_INR,0.0,1.0
INR,INR,1.0,INR_INR,0.0,1.0
INR,INR,1.0,INR_INR,0.0,1.0
INR,INR,1.0,INR_INR,0.0,1.0
INR,INR,1.0,INR_INR,0.0,1.0
INR,INR,1.0,INR_INR,0.0,1.0
INR,INR,1.0,INR_INR,0.0,1.0
INR,INR,1.0,INR_INR,0.0,1.0
INR,INR,1.0,INR_INR,0.0,1.0
INR,INR,1.0,INR_INR,0.0,1.0
INR,INR,1.0,INR_INR,0.0,1.0
INR,INR,1.0,INR_INR,0.0,1.0
INR,INR,1.0,INR_INR,0.0,1.0
INR,INR,1.0,INR_INR,0.0,1.0
INR,INR,1.0,INR_INR,0.0,1.0
INR,INR,1.0,INR_INR,0.0,1.0
INR,INR,1.0,INR_INR,0.0,1.0
INR,INR,1.0,INR_INR,0.0,1.0
INR,INR,1.0,INR_INR,0.0,1.0
INR,INR,1.0,INR_INR,0.0,1.0
INR,INR,1.0,INR_INR,0.0,1.0
INR,INR,1.0,INR_INR,0.0,1.0
INR,INR,1.0,INR_INR,0.0,1.0
INR,INR,1.0,INR_INR,0.0,1.0
INR,INR,1.0,INR_INR,0.0,1.0
INR,INR,1.0,INR_INR,0.0,1.0
INR,INR,1.0,INR_INR,0.0,1.0
INR,INR,1.0,INR_INR,0.0,1.0
INR,INR,1.0,INR_INR,0.0,1.0
INR,INR,1.0,INR_INR,0.0,1.0
INR,INR,1.0,INR_INR,0.0,1.0
INR,INR,1.0,INR_INR,0.0,1.0
INR,INR,1.0,INR_INR,0.0,1.0
INR,INR,1.0,INR_INR,0.0,1.0
INR,INR,1.0,INR_INR,0.0,1.0
INR,INR,1.0,INR_INR,0.0,1.0
INR,INR,1.0,INR_INR,0.0,1.0
INR,INR,1.0,INR_INR,0.0,1.0
INR,INR,1.0,INR_INR,0.0,1.0
INR,INR,1.0,INR_INR,0.0,1.0
INR,INR,1.0,INR_INR,0.0,1.0
INR,INR,1.0,INR_INR,0.0,1.0
INR,INR,1.0,INR_INR,0.0,1.0
INR,INR,1.0,INR_INR,0.0,1.0
INR,INR,1.0,INR_INR,0.0,1.0
INR,INR,1.0,INR_INR,0.0,1.0
INR,INR,1.0,INR_INR,0.0,1.0
INR,INR,1.0,INR_INR,0.0,1.0
INR,INR,1.0,INR_INR,0.0,1.0
INR,INR,1.0,INR_INR,0.0,1.0
INR,INR,1.0,INR_INR,0.0,1.0
INR,INR,1.0,INR_INR,0.0,1.0
INR,INR,1.0,INR_INR,0.0,1.0
INR,INR,1.0,INR_INR,0.0,1.0
INR,INR,1.0,INR_INR,0.0,1.0
INR,INR,1.0,INR_INR,0.0,1.0
INR,INR,1.0,INR_INR,0.0,1.0
INR,INR,1.0,INR_INR,0.0,1.0
INR,INR,1.0,INR_INR,0.0,1.0
INR,INR,1.0,INR_INR,0.0,1.0
INR,INR,1.0,INR_INR,0.0,1.0
INR,INR,1.0,INR_INR,0.0,1.0
INR,INR,1.0,INR_INR,0.0,1.0
INR,INR,1.0,INR_INR,0.0,1.0
INR,INR,1.0,INR_INR,0.0,1.0
INR,INR,1.0,INR_INR,0.0,1.0
INR,INR,1.0,INR_INR,0.0,1.0
INR,INR,1.0,INR_INR,0.0,1.0
INR,INR,1.0,INR_INR,0.0,1.0
INR,INR,1.0,INR_INR,0.0,1.0
INR,INR,1.0,INR_INR,0.0,1.0
INR,INR,1.0,INR_INR,0.0,1.0
INR,INR,1.0,INR_INR,0.0,1.0
INR,INR,1.0,INR_INR,0.0,1.0
INR,INR,1.0,INR_INR,0.0,1.0
INR,INR,1.0,INR_INR,0.0,1.0
INR,INR,1.0,INR_INR,0.0,1.0
INR,INR,1.0,INR_INR,0.0,1.0
INR,INR,1.0,INR_INR,0.0,1.0
INR,INR,1.0,INR_INR,0.0,1.0
INR,INR,1.0,INR_INR,0.0,1.0
INR,INR,1.0,INR_INR,0.0,1.0
INR,INR,1.0,INR_INR,0.0,1.0
INR,INR,1.0,INR_INR,0.0,1.0
INR,INR,1.0,INR_INR,0.0,1.0
INR,INR,1.0,INR_INR,0.0,1.0
INR,INR,1.0,INR_INR,0.0,1.0
INR,INR,1.0,INR_INR,0.0,1.0
INR,INR,1.0,INR_INR,0.0,1.0
INR,INR,1.0,INR_INR,0.0,1.0
INR,INR,1.0,INR_INR,0.0,1.0
INR,INR,1.0,INR_INR,0.0,1.0
INR,INR,1.0,INR_INR,0.0,1.0
INR,INR,1.0,INR_INR,0.0,1.0
INR,INR,1.0,INR_INR,0.0,1.0
INR,INR,1.0,INR_INR,0.0,1.0
INR,INR,1.0,INR_INR,0.0,1.0
INR,INR,1.0,INR_INR,0.0,1.0
INR,INR,1.0,INR_INR,0.0,1.0
INR,INR,1.0,INR_INR,0.0,1.0
INR,INR,1.0,INR_INR,0.0,1.0
INR,INR,1.0,INR_INR,0.0,1.0
INR,INR,1.0,INR_INR,0.0,1.0
INR,INR,1.0,INR_INR,0.0,1.0
INR,INR,1.0,INR_INR,0.0,1.0
INR,INR,1.0,INR_INR,0.0,1.0
INR,INR,1.0,INR_INR,0.0,1.0
INR,INR,1.0,INR_INR,0.0,1.0
INR,INR,1.0,INR_INR,0.0,1.0
INR,INR,1.0,INR_INR,0.0,1.0
INR,INR,1.0,INR_INR,0.0,1.0
INR,INR,1.0,INR_INR,0.0,1.0
INR,INR,1.0,INR_INR,0.0,1.0
INR,INR,1.0,INR_INR,0.0,1.0
INR,INR,1.0,INR_INR,0.0,1.0
INR,INR,1.0,INR_INR,0.0,1.0
INR,INR,1.0,INR_INR,0.0,1.0
INR,INR,1.0,INR_INR,0.0,1.0
INR,INR,1.0,INR_INR,0.0,1.0
INR,INR,1.0,INR_INR,0.0,1.0
INR,INR,1.0,INR_INR,0.0,1.0
INR,INR,1.0,INR_INR,0.0,1.0
INR,INR,1.0,INR_INR,0.0,1.0
INR,INR,1.0,INR_INR,0.0,1.0
INR,INR,1.0,INR_INR,0.0,1.0
INR,INR,1.0,INR_INR,0.0,1.0
INR,INR,1.0,INR_INR,0.0,1.0
INR,INR,1.0,INR_INR,0.0,1.0
INR,INR,1.0,INR_INR,0.0,1.0
INR,INR,1.0,INR_INR,0.0,1.0
INR,INR,1.0,INR_INR,0.0,1.0
INR,INR,1.0,INR_INR,0.0,1.0
INR,INR,1.0,INR_INR,0.0,1.0
INR,INR,1.0,INR_INR,0.0,1.0
INR,INR,1.0,INR_INR,0.0,1.0
INR,INR,1.0,INR_INR,0.0,1.0
INR,INR,1.0,INR_INR,0.0,1.0
INR,INR,1.0,INR_INR,0.0,1.0
INR,INR,1.0,INR_INR,0.0,1.0
INR,INR,1.0,INR_INR,0.0,1.0
INR,INR,1.0,INR_INR,0.0,1.0
INR,INR,1.0,INR_INR,0.0,1.0
INR,INR,1.0,INR_INR,0.0,1.0
INR,INR,1.0,INR_INR,0.0,1.0
INR,INR,1.0,INR_INR,0.0,1.0
INR,INR,1.0,INR_INR,0.0,1.0
INR,INR,1.0,INR_INR,0.0,1.0
INR,INR,1.0,INR_INR,0.0,1.0
INR,INR,1.0,INR_INR,0.0,1.0
INR,INR,1.0,INR_INR,0.0,1.0
INR,INR,1.0,INR_INR,0.0,1.0
INR,INR,1.0,INR_INR,0.0,1.0
INR,INR,1.0,INR_INR,0.0,1.0
INR,INR,1.0,INR_INR,0.0,1.0
INR,INR,1.0,INR_INR,0.0,1.0
INR,INR,1.0,INR_INR,0.0,1.0
INR,INR,1.0,INR_INR,0.0,1.0
INR,INR,1.0,INR_INR,0.0,1.0
INR,INR,1.0,INR_INR,0.0,1.0
INR,INR,1.0,INR_INR,0.0,1.0
INR,INR,1.0,INR_INR,0.0,1.0
INR,INR,1.0,INR_INR,0.0,1.0
INR,INR,1.0,INR_INR,0.0,1.0
INR,INR,1.0,INR_INR,0.0,1.0
INR,INR,1.0,INR_INR,0.0,1.0
INR,INR,1.0,INR_INR,0.0,1.0
INR,INR,1.0,INR_INR,0.0,1.0
INR,INR,1.0,INR_INR,0.0,1.0
INR,INR,1.0,INR_INR,0.0,1.0
INR,INR,1.0,INR_INR,0.0,1.0
INR,INR,1.0,INR_INR,0.0,1.0
INR,INR,1.0,INR_INR,0.0,1.0
INR,INR,1.0,INR_INR,0.0,1.0
INR,INR,1.0,INR_INR,0.0,1.0
INR,INR,1.0,INR_INR,0.0,1.0
INR,INR,1.0,INR_INR,0.0,1.0
INR,INR,1.0,INR_INR,0.0,1.0
INR,INR,1.0,INR_INR,0.0,1.0
INR,INR,1.0,INR_INR,0.0,1.0
INR,INR,1.0,INR_INR,0.0,1.0
INR,INR,1.0,INR_INR,0.0,1.0
INR,INR,1.0,INR_INR,0.0,1.0
INR,INR,1.0,INR_INR,0.0,1.0
INR,INR,1.0,INR_INR,0.0,1.0
INR,INR,1.0,INR_INR,0.0,1.0
INR,INR,1.0,INR_INR,0.0,1.0
INR,INR,1.0,INR_INR,0.0,1.0
INR,INR,1.0,INR_INR,0.0,1.0
INR,INR,1.0,INR_INR,0.0,1.0
INR,INR,1.0,INR_INR,0.0,1.0
INR,INR,1.0,INR_INR,0.0,1.0
INR,INR,1.0,INR_INR,0.0,1.0
INR,INR,1.0,INR_INR,0.0,1.0
INR,INR,1.0,INR_INR,0.0,1.0
INR,INR,1.0,INR_INR,0.0,1.0
INR,INR,1.0,INR_INR,0.0,1.0
INR,INR,1.0,INR_INR,0.0,1.0
INR,INR,1.0,INR_INR,0.0,1.0
INR,INR,1.0,INR_INR,0.0,1.0
INR,INR,1.0,INR_INR,0.0,1.0
INR,INR,1.0,INR_INR,,
INR,INR,1.0,INR_INR,,
INR,INR,1.0,INR_INR,,
INR,INR,1.0,INR_INR,,
INR,INR,1.0,INR_INR,,
INR,INR,1.0,INR_INR,,
INR,INR,1.0,INR_INR,,
INR,INR,1.0,INR_INR,,
INR,INR,1.0,INR_INR,,
INR,INR,1.0,INR_INR,,
USD,INR,78.54457228,USD_INR,-0.006631882658516964,78.02539734963986
USD,INR,79.31363872,USD_INR,0.02251706309470585,80.3332274274364
USD,INR,75.46739097,USD_INR,-0.012328456706189863,77.58218349486864
USD,INR,77.62596515,USD_INR,-0.0018676745291564738,78.39801348761323
USD,INR,78.78002258,USD_INR,-0.013861112944526924,77.46336775245437
USD,INR,76.46031068,USD_INR,-0.011830160992616018,77.62085199772834
USD,INR,75.3991821,USD_INR,-0.04162916325612051,75.34195117126501
USD,INR,78.91933958,USD_INR,0.040027550619886755,81.75228937858013
USD,INR,76.01825007,USD_INR,-0.023023778884241244,76.75683857958249
USD,INR,78.23541978,USD_INR,-0.01442420680593202,77.41976088412135
USD,INR,79.06720176,USD_INR,-0.007193853685353111,77.9815616553207
USD,INR,77.54768517,USD_INR,-0.017510070671081266,77.18122227968189
USD,INR,76.40354625,USD_INR,-0.020342780517682586,76.96289963969303
USD,INR,77.77108066,USD_INR,0.019855800829437664,80.11972386113712
USD,INR,79.87960448,USD_INR,0.007745547291896079,79.15530515597261
USD,INR,77.37022004,USD_INR,0.0073160920006227325,79.12131878967578
USD,INR,78.60423597,USD_INR,0.02580747791337649,80.5979924238487
USD,INR,75.82277902,USD_INR,0.0014742285323701418,78.66045032389032
USD,INR,77.7887814,USD_INR,-0.003851094636329823,78.24267139653865
USD,INR,79.37208167,USD_INR,0.007762329968972574,79.15663360504537
USD,INR,79.63805048,USD_INR,0.05897492469970224,83.3160483680238
USD,INR,78.91750847,USD_INR,0.006189135966810844,79.03220276641434
USD,INR,77.97372356,USD_INR,0.011749938512757444,79.47290944653764
USD,INR,76.24210334,USD_INR,0.006856302180509025,79.08494797484828
USD,INR,79.26328318,USD_INR,0.03308377000466485,81.18658575028674
USD,INR,76.80623798,USD_INR,-0.024032318818423746,76.67946526624992
USD,INR,76.60161138,USD_INR,-0.02439906113769609,76.65134881737859
USD,INR,75.71108127,USD_INR,-0.028272484454598356,76.35501996962665
USD,INR,78.08893094,USD_INR,0.013739341962839876,79.63117049712255
USD,INR,78.75835444,USD_INR,0.0014619261932080165,78.6594826223043
USD,INR,75.07721183,USD_INR,-0.01562490829471094,77.32685864705536
USD,INR,78.43058565,USD_INR,-0.015584550562281311,77.32997944670004
USD,INR,77.06289865,USD_INR,-0.001278329645232909,78.44423057333573
USD,INR,75.72115238,USD_INR,-0.05064136927233753,74.66600444623529
USD,INR,76.68385876,USD_INR,0.01733002302023817,79.91761458953331
USD,INR,78.67442854,USD_INR,0.02577619253517542,80.59547092461669
USD,INR,78.49360637,USD_INR,0.03381575066550056,81.24603451599427
USD,INR,77.88216803,USD_INR,0.024496606351299445,80.49240802653124
USD,INR,77.02337718,USD_INR,-0.01905204503184504,77.06230252296494
USD,INR,78.64329966,USD_INR,0.025503846495548887,80.57352405600557
USD,INR,76.25949889,USD_INR,-0.04751645406240119,74.89969431954732
USD,INR,79.66246529,USD_INR,-0.0009343218030579797,78.47122064595848
USD,INR,77.16147343,USD_INR,-0.03321331690159583,75.97869305914317
USD,INR,79.65453047,USD_INR,0.008250289337308026,79.19526825128105
USD,INR,75.36637471,USD_INR,-0.04574214516455692,75.0327074819474
USD,INR,76.67241432,USD_INR,-0.007415739851031916,77.96426054512085
USD,INR,75.88366344,USD_INR,-0.029789382063675256,76.23928502361711
USD,INR,75.99749748,USD_INR,-0.04754240771647764,74.89775042401622
USD,INR,78.50489822,USD_INR,0.008424537779444482,79.20906910575218
USD,INR,76.66295358,USD_INR,0.012179691616877396,79.50707051595279
USD,INR,79.97054964,USD_INR,0.04834319414578789,82.43494670817616
USD,INR,79.73693045,USD_INR,0.04093778001950228,81.82673659273985
USD,INR,79.76729637,USD_INR,0.05492172801690845,82.97903548827999
USD,INR,79.00006104,USD_INR,0.04386123400009347,82.0663033020526
USD,INR,78.89385662,USD_INR,0.03942892673446014,81.70336515053654
USD,INR,77.24311045,USD_INR,0.012119650132626787,79.50229693673842
USD,INR,78.17819758,USD_INR,0.03569867071477331,81.3991584181007
USD,INR,79.69786676,USD_INR,0.03637899034496264,81.45455470490748
USD,INR,77.84630879,USD_INR,0.002972120462779749,78.77836346619841
USD,INR,75.73488571,USD_INR,-0.03849619862578168,75.57836498414626
USD,INR,76.19647816,USD_INR,-0.017701755417534618,77.16642923450411
USD,INR,76.53859066,USD_INR,0.016570339153309254,79.85692552221761
USD,INR,75.50447096,USD_INR,-0.055738233227248316,74.28641017146305
USD,INR,75.60991241,USD_INR,-0.04232060269726362,75.28987478056251
USD,INR,75.84368419,USD_INR,-0.0349257725428834,75.8486942579551
USD,INR,76.31260109,USD_INR,-0.00844046496344166,77.88440952912785
USD,INR,75.43656728,USD_INR,-0.04093348466151705,75.39438318977237
USD,INR,76.85064241,USD_INR,-0.017858654147845522,77.15432286949607
USD,INR,77.61528367,USD_INR,0.00038934602401467626,78.57515925099653
USD,INR,78.70723594,USD_INR,0.02859017504380711,80.82258456711568
USD,INR,77.5572985,USD_INR,0.020961318600721403,80.20834661768609
USD,INR,75.28077029,USD_INR,-0.002500191014330743,78.34844113099652
USD,INR,79.83245338,USD_INR,0.04308048454156652,82.00225508624462
USD,INR,78.87844478,USD_INR,0.017367238970367554,79.92058885483705
USD,INR,78.53938414,USD_INR,0.02557988203259514,80.57965074009878
USD,INR,76.9594409,USD_INR,-0.005139975967020857,78.14189083915322
USD,INR,78.58851894,USD_INR,0.04357063519626893,82.04245839729694
USD,INR,78.23541978,USD_INR,0.02583665634195913,80.60034418092465
USD,INR,77.58507035,USD_INR,0.029854393584452986,80.92482659154246
USD,INR,76.48884548,USD_INR,0.0015872559006873809,78.66934161005094
USD,INR,75.94851527,USD_INR,-0.020628758947613825,76.94089305734504
USD,INR,75.46922208,USD_INR,-0.008470233404973758,77.88209106614521
USD,INR,76.46626179,USD_INR,0.0031559543763060413,78.79284693229094
USD,INR,77.52037111,USD_INR,-0.02672703885400102,76.47311372955849
USD,INR,76.55583361,USD_INR,-0.0036349967034741753,78.25958130312067
USD,INR,77.35602893,USD_INR,-0.029366598904359074,76.27152452408211
USD,INR,75.23789178,USD_INR,-0.0004095992992213823,78.5124070661107
USD,INR,76.23996704,USD_INR,0.0006326667866853792,78.59428054488203
USD,INR,75.3030488,USD_INR,-0.030874630305492666,76.15659135328413
USD,INR,76.36753441,USD_INR,0.010254872863141497,79.35418100507168
USD,INR,77.53151036,USD_INR,0.005668522055504885,78.99106821075303
USD,INR,76.11117893,USD_INR,-0.016014247983962886,77.2967580919895
USD,INR,76.22531816,USD_INR,-0.023491995648234676,76.72090815327877
USD,INR,79.62019715,USD_INR,0.0338147839419172,81.24595597357461
USD,INR,76.8346202,USD_INR,-0.02225763998953505,76.81566751174196
USD,INR,79.66139714,USD_INR,0.03852179479267329,81.62928302446856
USD,INR,75.26871548,USD_INR,-0.024651768991537863,76.63198086684454
USD,INR,76.1917478,USD_INR,-0.03458518817615557,75.874531537093
USD,INR,77.66426588,USD_INR,-0.018176902640797535,77.1297725292797
USD,INR,75.58839686,USD_INR,-0.052384629667532115,74.53595554530038
USD,INR,77.09326456,USD_INR,-0.032660009091008795,76.02074429601706
USD,INR,77.33985412,USD_INR,0.016341094254481804,79.83862082761469
USD,INR,78.03720206,USD_INR,0.0336063325193381,81.22902190349994
USD,INR,76.97286905,USD_INR,-0.03762137566461057,75.64451160227375
USD,INR,78.56395154,USD_INR,0.04003641154479497,81.75301378268682
USD,INR,76.65105136,USD_INR,-0.03472955695307982,75.86357841443878
USD,INR,77.14728233,USD_INR,0.010478441359354322,79.37192408330995
USD,INR,78.87295145,USD_INR,0.03424077567339273,81.28057345189144
USD,INR,79.0888699,USD_INR,0.0325219320500515,81.14098485636278
USD,INR,79.65361492,USD_INR,0.04924035954044895,82.5089376757783
USD,INR,79.65269936,USD_INR,0.006887703168691151,79.08743135935518
USD,INR,76.08630634,USD_INR,-0.020493545535344247,76.95129720141244
USD,INR,75.45823542,USD_INR,-0.05053275463397127,74.67411470774506
USD,INR,79.92385632,USD_INR,0.03787317477489209,81.57635380479311
USD,INR,75.48066652,USD_INR,-0.0466415806592879,74.96525074261285
USD,INR,79.35987426,USD_INR,0.036379252203548366,81.45457603448477
USD,INR,76.3431196,USD_INR,-0.043688200731098976,75.18697887200342
USD,INR,76.21799371,USD_INR,-0.04567479178384292,75.03776135865637
USD,INR,76.5581225,USD_INR,-0.03141771677226384,76.11524296805524
USD,INR,75.82644124,USD_INR,0.0027466594432898925,78.76060401816444
USD,INR,79.10596026,USD_INR,0.003408494726772097,78.81274781825203
USD,INR,77.6616718,USD_INR,-0.026258080829917634,76.5089848202291
USD,INR,79.369335,USD_INR,0.00900921778718242,79.25539460636718
USD,INR,76.95348979,USD_INR,-0.0368359284107176,75.70394971587963
USD,INR,79.08459731,USD_INR,0.03282474707275958,81.16555928610008
USD,INR,76.52470473,USD_INR,0.009955734618118727,79.33044668472907
USD,INR,79.7523423,USD_INR,0.027836318858443846,80.76167892175584
USD,INR,79.77996155,USD_INR,0.01103362121873167,79.41600201141783
USD,INR,79.00158696,USD_INR,0.032658231028127635,81.15204504340777
USD,INR,75.61845759,USD_INR,-0.007813081624604189,77.93328824126316
USD,INR,78.83678701,USD_INR,0.04103581495680692,81.83475886495661
USD,INR,79.72792749,USD_INR,0.05083114021592498,82.64029575263106
USD,INR,78.65749077,USD_INR,-0.0016437361450230544,78.41557177798713
USD,INR,79.84099857,USD_INR,0.05010804393850522,82.58056046219335
USD,INR,76.53080844,USD_INR,-0.04230552964584224,75.29100963726944
USD,INR,75.76662496,USD_INR,-0.027311824867668956,76.42840639561368
USD,INR,77.56294443,USD_INR,-0.027798051413177715,76.39125390858786
USD,INR,78.9045381,USD_INR,0.007713006323020328,79.15272940756007
USD,INR,76.46320994,USD_INR,0.002799798403624578,78.76478938597936
USD,INR,76.21158483,USD_INR,0.009711734495763753,79.31109240735056
USD,INR,75.66713462,USD_INR,-0.04862526712614889,74.81669058633115
USD,INR,75.77654347,USD_INR,-0.022529506915012952,76.79478671091519
USD,INR,78.78688925,USD_INR,0.03160063972020681,81.06626471421058
USD,INR,75.93890194,USD_INR,-0.046861374858518136,74.94877562598964
USD,INR,79.83794671,USD_INR,0.04136088128549228,81.8613649137107
USD,INR,77.8644673,USD_INR,-0.024323686952528758,76.65712656808157
USD,INR,79.74929044,USD_INR,0.042056183359651465,81.91830308284838
USD,INR,78.29828791,USD_INR,-0.0016843462882332604,78.41238737504727
USD,INR,76.24942778,USD_INR,-0.009453010843885591,77.805587903099
USD,INR,75.4750206,USD_INR,-0.04650218726559157,74.97570113166384
USD,INR,79.43739128,USD_INR,0.005690546099233086,78.99280793265123
USD,INR,77.50312815,USD_INR,0.03270811868464854,81.15609362974327
USD,INR,76.33610034,USD_INR,-0.03373849018304179,75.93880155548212
USD,INR,79.58220161,USD_INR,0.052457139296231886,82.77477810197979
USD,INR,76.6031373,USD_INR,-0.04112194304073441,75.38017582530482
USD,INR,79.78164006,USD_INR,-0.0018306205199723616,78.4009185021459
USD,INR,76.46488845,USD_INR,-0.02163005160237531,76.8638912633747
USD,INR,78.43028047,USD_INR,0.01044572096677301,79.36932704528229
USD,INR,76.97363201,USD_INR,0.023055400662673208,80.37648546438515
USD,INR,79.06765954,USD_INR,0.030153136675839205,80.94900593593452
USD,INR,78.98663289,USD_INR,-0.0064298253742934765,78.04116454241321
USD,INR,75.00915555,USD_INR,-0.015727091762937257,77.31895752414071
USD,INR,78.95550401,USD_INR,0.013393587105311161,79.60364239237468
USD,INR,75.51515244,USD_INR,-0.04651661724432857,74.97461924169656
USD,INR,79.81887265,USD_INR,0.013867856139853037,79.64140488908173
USD,INR,79.92782373,USD_INR,0.04905719156768218,82.4938260649529
USD,INR,78.136845,USD_INR,0.038679206626814774,81.64213345100717
USD,INR,77.61528367,USD_INR,0.004253652997159768,78.87938521949144
USD,INR,75.21927549,USD_INR,-0.017387545594724038,77.19067949419619
USD,INR,76.71910764,USD_INR,-0.026574499037486505,76.48477981404366
USD,INR,79.49613941,USD_INR,0.004031379405349647,78.86185436361426
USD,INR,76.19815668,USD_INR,-0.01916210856587093,77.05382124035762
USD,INR,77.90505692,USD_INR,0.005337965243672004,78.96496149019688
USD,INR,79.11084323,USD_INR,0.03125820767255186,81.03850977954951
USD,INR,78.71959593,USD_INR,0.021775219765057873,80.27365485800895
USD,INR,76.10141301,USD_INR,-0.028322474826116745,76.35120304921651
USD,INR,75.17227699,USD_INR,-0.02412239343595732,76.67255870380104
USD,INR,77.28583636,USD_INR,-0.003043824277302756,78.30585988763453
USD,INR,76.53859066,USD_INR,0.009191051565785403,79.26980722455383
USD,INR,78.78521073,USD_INR,-0.004886253341919568,78.16171972023882
USD,INR,79.17630543,USD_INR,0.011820026300685885,79.47847972216286
USD,INR,77.67235328,USD_INR,-0.023667733624204018,76.70742656081397
USD,INR,77.49031037,USD_INR,0.026688843895570726,80.66906006630498
USD,INR,76.67622913,USD_INR,-0.041641098191175605,75.34105197533678
USD,INR,77.02398755,USD_INR,-0.0068391049077750395,78.00923042643275
USD,INR,78.28760643,USD_INR,0.034892737254523874,81.33358254114157
USD,INR,77.00766015,USD_INR,-0.02388895079602075,76.69045943763153
USD,INR,77.52143925,USD_INR,-0.01855601313844383,77.10053736486181
USD,INR,75.83834346,USD_INR,-0.05324521491869125,74.47183859428536
USD,INR,79.17111728,USD_INR,0.02290310369222574,80.36424530124725
USD,INR,78.24594867,USD_INR,0.0005344881783376466,78.5865646465683
USD,INR,79.53260903,USD_INR,0.04108112122452745,81.83846657644123
USD,INR,75.44953764,USD_INR,-0.043274798650563606,75.21806775115917
USD,INR,79.9365215,USD_INR,0.03144627234268372,81.05375169334701
USD,INR,77.55256813,USD_INR,0.018057393240175204,79.9757654284646
USD,INR,75.60304575,USD_INR,-0.05425767054371004,74.39647731880625
USD,INR,78.86944182,USD_INR,0.04746342024388929,82.36245448651601
USD,INR,78.97335734,USD_INR,0.04451658126041485,82.12010285585592
USD,INR,79.98580889,USD_INR,0.053378020809572484,82.85103897312874
USD,INR,77.37846004,USD_INR,0.013532500660983026,79.61470118547419
USD,INR,78.20413831,USD_INR,0.007149356586137923,79.10812756354565
USD,INR,76.33152257,USD_INR,-0.004505747445460273,78.19146637449954
USD,INR,78.78627888,USD_INR,-0.00025949629038410886,78.52419289916476
USD,INR,77.46192816,USD_INR,-0.007064670184129503,77.99163623720709
USD,INR,76.16473891,USD_INR,-0.002595109646924295,78.34100475702932
USD,INR,79.81841487,USD_INR,0.02743168687993404,80.72900677436955
USD,INR,75.21347697,USD_INR,-0.05519374097955887,74.32686955982214
USD,INR,75.53483688,USD_INR,0.005873663650891953,79.00727422671427
USD,INR,75.82827235,USD_INR,-0.026810054208283994,76.46676555043092
USD,INR,76.33838923,USD_INR,-0.04064959480735276,75.41578992865513
USD,INR,77.64702292,USD_INR,0.028597923674112593,80.82321083387018
USD,INR,76.67622913,USD_INR,0.01894081236484008,80.04644876606298
USD,INR,78.80672628,USD_INR,0.044886201657293345,82.15046173114933
USD,INR,78.01110874,USD_INR,0.011888762393420625,79.48394295007378
USD,INR,76.36265145,USD_INR,-0.0069854461650588565,77.99781529284527
USD,INR,77.65861995,USD_INR,0.01989686903594562,80.12301430206779
USD,INR,79.48149052,USD_INR,0.009979090557535894,79.33229954347331
USD,INR,75.09247108,USD_INR,-0.05136553165704824,74.61195370751668
USD,INR,77.88872951,USD_INR,-0.02528131900996009,76.58375238459192
USD,INR,79.50544755,USD_INR,0.044998642755193406,82.15969933859301
USD,INR,75.45793023,USD_INR,-0.01029052654025086,77.74045178203451
USD,INR,75.2375866,USD_INR,-0.04654490612400321,74.97249832371351
USD,INR,75.34760582,USD_INR,-0.014785362885684772,77.39180531525074
USD,INR,77.08914457,USD_INR,-0.026186400250454107,76.5144692251555
USD,INR,76.8979461,USD_INR,0.006432080934550928,79.05140557488424
USD,INR,76.12872707,USD_INR,0.01442905861165208,79.68611238616859
USD,INR,78.69228187,USD_INR,0.027072396193607504,80.7000068041407
USD,INR,79.05041658,USD_INR,0.04307060813083879,82.00144520229216
USD,INR,79.88296152,USD_INR,0.04900116816022222,82.4892046091784
USD,INR,76.00711081,USD_INR,-0.014367141064694494,77.42417902622371
USD,INR,76.23844111,USD_INR,-0.04130696468650734,75.36623015128053
USD,INR,78.82229072,USD_INR,0.006274556275183914,79.0389540098886
USD,INR,76.46992401,USD_INR,-0.03765089787485826,75.64227844206222
USD,INR,79.13449507,USD_INR,-0.0012506637542120896,78.44640083289093
USD,INR,76.40491958,USD_INR,-0.04102520452341262,75.38746834447767
USD,INR,75.03814814,USD_INR,-0.05585972490648928,74.27738553896651
USD,INR,76.59047212,USD_INR,-0.027572560052628252,76.40848141862013
USD,INR,75.71794794,USD_INR,-0.03823700730437186,75.59795677933845
USD,INR,76.06295969,USD_INR,0.01006308206222845,79.33896306251826
USD,INR,77.10699789,USD_INR,0.008320472710420723,79.20082663739234
USD,INR,79.45356609,USD_INR,0.04334257645680537,82.02375003103666
USD,INR,78.3292642,USD_INR,0.005724259543051685,78.9954710971355
USD,INR,79.40397351,USD_INR,0.030439435690601372,80.97218487447527
USD,INR,79.23352763,USD_INR,0.007477103891127147,79.13405928845168
USD,INR,79.60463271,USD_INR,0.04293030769598036,81.98994117090044
USD,INR,79.34904019,USD_INR,-0.003942173932112467,78.23554543364646
USD,INR,78.73165075,USD_INR,0.020144960576119884,80.14289461005555
USD,INR,78.66924039,USD_INR,-0.012446681817908258,77.5730118747262
USD,INR,75.30137028,USD_INR,-0.0008628845415808547,78.47682661530136
USD,INR,76.4680929,USD_INR,-0.002668419283018611,78.33526181698832
USD,INR,76.08340709,USD_INR,0.0026287769360847845,78.7513200679122
USD,INR,77.88216803,USD_INR,,
USD,INR,77.02337718,USD_INR,,
USD,INR,78.64329966,USD_INR,,
USD,INR,76.25949889,USD_INR,,
USD,INR,79.66246529,USD_INR,,
USD,INR,77.16147343,USD_INR,,
USD,INR,79.65453047,USD_INR,,
USD,INR,75.36637471,USD_INR,,
USD,INR,76.67241432,USD_INR,,
USD,INR,75.88366344,USD_INR,,
